,Descriptors,Coeff
935,935,1.53
1747,1747,1.22
202,202,1.21
1160,1160,1.18
1920,1920,1.17
573,573,1.14
2009,2009,1.08
725,725,1.06
875,875,0.98
1702,1702,0.96
609,609,0.92
689,689,0.91
1390,1390,0.89
1848,1848,0.87
1954,1954,0.84
1152,1152,0.84
992,992,0.83
58,58,0.83
1413,1413,0.81
1416,1416,0.81
655,655,0.81
1263,1263,0.8
1821,1821,0.8
1284,1284,0.8
559,559,0.8
1518,1518,0.79
1936,1936,0.79
889,889,0.78
1955,1955,0.78
1803,1803,0.77
750,750,0.75
806,806,0.75
1285,1285,0.74
1010,1010,0.73
736,736,0.73
925,925,0.73
1504,1504,0.72
1181,1181,0.72
860,860,0.71
1712,1712,0.7
1661,1661,0.7
1291,1291,0.7
1405,1405,0.69
864,864,0.68
648,648,0.68
1793,1793,0.68
1454,1454,0.67
661,661,0.67
191,191,0.66
2025,2025,0.66
472,472,0.66
2011,2011,0.65
160,160,0.64
734,734,0.64
1146,1146,0.64
1127,1127,0.64
1662,1662,0.64
1437,1437,0.64
931,931,0.63
1192,1192,0.63
34,34,0.63
1235,1235,0.63
1574,1574,0.62
1530,1530,0.62
1227,1227,0.62
1464,1464,0.62
358,358,0.62
162,162,0.61
728,728,0.61
885,885,0.6
1172,1172,0.6
1279,1279,0.59
1970,1970,0.59
1637,1637,0.59
1625,1625,0.59
906,906,0.58
1016,1016,0.58
1061,1061,0.58
1743,1743,0.58
703,703,0.58
242,242,0.58
1873,1873,0.58
1912,1912,0.58
2039,2039,0.57
1088,1088,0.57
1264,1264,0.57
1754,1754,0.56
1844,1844,0.56
494,494,0.56
560,560,0.55
1825,1825,0.55
1132,1132,0.55
2017,2017,0.55
1301,1301,0.55
756,756,0.55
176,176,0.55
1361,1361,0.55
1409,1409,0.55
1131,1131,0.54
507,507,0.54
475,475,0.54
1918,1918,0.54
1391,1391,0.54
1997,1997,0.54
455,455,0.54
1978,1978,0.54
1577,1577,0.53
1542,1542,0.53
1984,1984,0.53
964,964,0.53
1640,1640,0.53
1967,1967,0.53
956,956,0.52
637,637,0.52
1493,1493,0.52
598,598,0.52
1374,1374,0.51
511,511,0.51
1445,1445,0.51
1371,1371,0.5
858,858,0.49
1269,1269,0.49
1162,1162,0.49
1907,1907,0.48
1345,1345,0.48
1032,1032,0.48
859,859,0.48
1867,1867,0.48
1667,1667,0.48
1329,1329,0.48
1946,1946,0.48
704,704,0.48
1208,1208,0.47
1753,1753,0.47
465,465,0.47
1435,1435,0.47
1189,1189,0.47
1245,1245,0.47
732,732,0.47
1807,1807,0.47
1683,1683,0.47
909,909,0.46
746,746,0.46
527,527,0.46
154,154,0.46
1302,1302,0.46
132,132,0.46
267,267,0.46
1114,1114,0.46
1617,1617,0.45
1157,1157,0.45
1785,1785,0.45
11,11,0.45
993,993,0.45
348,348,0.45
1107,1107,0.45
1748,1748,0.45
1632,1632,0.44
582,582,0.44
1663,1663,0.44
666,666,0.44
1854,1854,0.44
271,271,0.44
1124,1124,0.44
1963,1963,0.44
557,557,0.43
1756,1756,0.43
211,211,0.43
216,216,0.43
1583,1583,0.43
2044,2044,0.43
1765,1765,0.43
1281,1281,0.43
1976,1976,0.43
400,400,0.43
769,769,0.43
396,396,0.43
2042,2042,0.43
1878,1878,0.42
441,441,0.42
989,989,0.42
1993,1993,0.42
369,369,0.42
1669,1669,0.42
38,38,0.42
1234,1234,0.42
121,121,0.42
156,156,0.42
754,754,0.42
855,855,0.42
1358,1358,0.41
1693,1693,0.41
315,315,0.41
1295,1295,0.41
419,419,0.41
1750,1750,0.41
83,83,0.41
641,641,0.41
1079,1079,0.41
627,627,0.41
1170,1170,0.4
1817,1817,0.4
1591,1591,0.4
53,53,0.4
415,415,0.4
791,791,0.4
383,383,0.4
626,626,0.39
647,647,0.39
178,178,0.39
418,418,0.39
530,530,0.39
1676,1676,0.39
583,583,0.39
322,322,0.39
867,867,0.38
57,57,0.38
409,409,0.38
561,561,0.38
1471,1471,0.38
891,891,0.38
421,421,0.38
663,663,0.38
1063,1063,0.38
1009,1009,0.37
2005,2005,0.37
1694,1694,0.37
443,443,0.37
1183,1183,0.37
1190,1190,0.37
1442,1442,0.37
586,586,0.37
529,529,0.37
1222,1222,0.36
1349,1349,0.36
1671,1671,0.36
775,775,0.36
1647,1647,0.36
92,92,0.36
802,802,0.36
1334,1334,0.36
220,220,0.36
1310,1310,0.36
1631,1631,0.36
997,997,0.36
1419,1419,0.36
1352,1352,0.35
281,281,0.35
289,289,0.35
1467,1467,0.35
910,910,0.35
1246,1246,0.35
1533,1533,0.35
1806,1806,0.35
504,504,0.35
774,774,0.35
1527,1527,0.35
938,938,0.35
70,70,0.35
221,221,0.35
247,247,0.35
230,230,0.35
384,384,0.34
984,984,0.34
155,155,0.34
659,659,0.34
197,197,0.34
1586,1586,0.34
809,809,0.34
578,578,0.34
2002,2002,0.34
269,269,0.34
1478,1478,0.34
353,353,0.34
1692,1692,0.34
1101,1101,0.33
1735,1735,0.33
1862,1862,0.33
831,831,0.33
1159,1159,0.33
1382,1382,0.33
2000,2000,0.33
854,854,0.33
1499,1499,0.33
1874,1874,0.33
10,10,0.33
1511,1511,0.33
712,712,0.32
1093,1093,0.32
1218,1218,0.32
1142,1142,0.32
1787,1787,0.32
86,86,0.32
318,318,0.32
1203,1203,0.32
1052,1052,0.32
1727,1727,0.32
25,25,0.32
679,679,0.32
64,64,0.31
1950,1950,0.31
398,398,0.31
1178,1178,0.31
411,411,0.31
1546,1546,0.31
1012,1012,0.31
2036,2036,0.31
686,686,0.31
28,28,0.31
1901,1901,0.31
945,945,0.31
285,285,0.31
1731,1731,0.31
1427,1427,0.31
596,596,0.31
1355,1355,0.31
870,870,0.3
167,167,0.3
1059,1059,0.3
943,943,0.3
1941,1941,0.3
676,676,0.3
1588,1588,0.3
1698,1698,0.3
1303,1303,0.3
526,526,0.3
1098,1098,0.3
1644,1644,0.3
209,209,0.3
43,43,0.29
1224,1224,0.29
1278,1278,0.29
764,764,0.29
469,469,0.29
1417,1417,0.29
1477,1477,0.29
1248,1248,0.29
1964,1964,0.29
263,263,0.29
100,100,0.29
1659,1659,0.29
422,422,0.29
404,404,0.29
1899,1899,0.29
359,359,0.29
2024,2024,0.29
1800,1800,0.29
1634,1634,0.29
1779,1779,0.29
1307,1307,0.28
1237,1237,0.28
402,402,0.28
835,835,0.28
537,537,0.28
1458,1458,0.28
1253,1253,0.28
158,158,0.28
1305,1305,0.28
603,603,0.28
450,450,0.28
250,250,0.28
1529,1529,0.28
1179,1179,0.28
827,827,0.28
327,327,0.28
1670,1670,0.28
1680,1680,0.28
1719,1719,0.28
1602,1602,0.28
520,520,0.28
50,50,0.27
894,894,0.27
1185,1185,0.27
1199,1199,0.27
336,336,0.27
751,751,0.27
672,672,0.27
1916,1916,0.27
567,567,0.27
2015,2015,0.27
986,986,0.27
1823,1823,0.27
141,141,0.27
1455,1455,0.27
1468,1468,0.27
66,66,0.27
1268,1268,0.26
1337,1337,0.26
1847,1847,0.26
1134,1134,0.26
2037,2037,0.26
1318,1318,0.26
506,506,0.26
913,913,0.26
1772,1772,0.26
851,851,0.26
1056,1056,0.26
1138,1138,0.26
612,612,0.26
1888,1888,0.26
562,562,0.26
1686,1686,0.26
789,789,0.26
119,119,0.26
521,521,0.26
815,815,0.25
1607,1607,0.25
95,95,0.25
1710,1710,0.25
27,27,0.25
1812,1812,0.25
22,22,0.25
698,698,0.25
1903,1903,0.25
1566,1566,0.25
346,346,0.25
1886,1886,0.25
1578,1578,0.25
1033,1033,0.25
1776,1776,0.25
1299,1299,0.24
1489,1489,0.24
1153,1153,0.24
1884,1884,0.24
1023,1023,0.24
255,255,0.24
2033,2033,0.24
1000,1000,0.24
786,786,0.24
605,605,0.24
1495,1495,0.24
607,607,0.24
597,597,0.24
2008,2008,0.24
850,850,0.24
1074,1074,0.24
1721,1721,0.24
1774,1774,0.24
69,69,0.24
1929,1929,0.24
1600,1600,0.24
304,304,0.24
1319,1319,0.24
1624,1624,0.24
650,650,0.24
1868,1868,0.24
1177,1177,0.23
476,476,0.23
1141,1141,0.23
143,143,0.23
485,485,0.23
1999,1999,0.23
1439,1439,0.23
1584,1584,0.23
741,741,0.23
1545,1545,0.23
1266,1266,0.23
1991,1991,0.23
1983,1983,0.23
848,848,0.23
1623,1623,0.23
48,48,0.23
590,590,0.23
1350,1350,0.23
295,295,0.23
1347,1347,0.23
887,887,0.23
283,283,0.23
2034,2034,0.23
76,76,0.23
87,87,0.23
1905,1905,0.23
1158,1158,0.22
1626,1626,0.22
668,668,0.22
1622,1622,0.22
1708,1708,0.22
1108,1108,0.22
1568,1568,0.22
800,800,0.22
617,617,0.22
373,373,0.22
1451,1451,0.22
541,541,0.22
1799,1799,0.22
459,459,0.22
574,574,0.22
79,79,0.22
102,102,0.22
1054,1054,0.21
131,131,0.21
1025,1025,0.21
152,152,0.21
324,324,0.21
569,569,0.21
484,484,0.21
203,203,0.21
101,101,0.21
349,349,0.21
1209,1209,0.21
205,205,0.21
821,821,0.21
1221,1221,0.21
804,804,0.21
1258,1258,0.21
911,911,0.21
352,352,0.2
111,111,0.2
1415,1415,0.2
1879,1879,0.2
1629,1629,0.2
1650,1650,0.2
1895,1895,0.2
1691,1691,0.2
1436,1436,0.2
1086,1086,0.2
386,386,0.2
1381,1381,0.2
983,983,0.2
531,531,0.2
148,148,0.2
229,229,0.2
558,558,0.2
1784,1784,0.2
497,497,0.2
957,957,0.2
1015,1015,0.2
896,896,0.19
1857,1857,0.19
936,936,0.19
187,187,0.19
658,658,0.19
1601,1601,0.19
2046,2046,0.19
1576,1576,0.19
1931,1931,0.19
1668,1668,0.19
1220,1220,0.19
1926,1926,0.19
1473,1473,0.19
1736,1736,0.18
707,707,0.18
97,97,0.18
1992,1992,0.18
920,920,0.18
917,917,0.18
286,286,0.18
1338,1338,0.18
389,389,0.18
811,811,0.18
1982,1982,0.18
739,739,0.18
1610,1610,0.18
693,693,0.18
1341,1341,0.18
1987,1987,0.18
836,836,0.18
1580,1580,0.18
1155,1155,0.18
1820,1820,0.18
495,495,0.18
107,107,0.18
723,723,0.18
117,117,0.18
633,633,0.18
553,553,0.18
1196,1196,0.18
771,771,0.18
1697,1697,0.17
535,535,0.17
54,54,0.17
1369,1369,0.17
1917,1917,0.17
317,317,0.17
763,763,0.17
2045,2045,0.17
545,545,0.17
461,461,0.17
1649,1649,0.17
416,416,0.17
944,944,0.17
1244,1244,0.17
1909,1909,0.17
1462,1462,0.17
1988,1988,0.17
165,165,0.17
1805,1805,0.17
306,306,0.17
1544,1544,0.17
423,423,0.17
711,711,0.17
1182,1182,0.17
602,602,0.16
1914,1914,0.16
1501,1501,0.16
31,31,0.16
628,628,0.16
1344,1344,0.16
1989,1989,0.16
499,499,0.16
1251,1251,0.16
425,425,0.16
688,688,0.16
412,412,0.16
1339,1339,0.16
99,99,0.16
103,103,0.16
652,652,0.16
1362,1362,0.16
18,18,0.16
273,273,0.16
1385,1385,0.16
852,852,0.16
24,24,0.15
1270,1270,0.15
768,768,0.15
1990,1990,0.15
1231,1231,0.15
129,129,0.15
89,89,0.15
1980,1980,0.15
1932,1932,0.15
1304,1304,0.15
901,901,0.15
305,305,0.15
1853,1853,0.15
1734,1734,0.15
198,198,0.15
702,702,0.15
395,395,0.15
1490,1490,0.15
863,863,0.15
861,861,0.15
987,987,0.15
2027,2027,0.14
1022,1022,0.14
740,740,0.14
1745,1745,0.14
1003,1003,0.14
1109,1109,0.14
1116,1116,0.14
1150,1150,0.14
142,142,0.14
1870,1870,0.14
1321,1321,0.14
1325,1325,0.14
879,879,0.14
47,47,0.14
23,23,0.14
39,39,0.14
830,830,0.14
36,36,0.14
824,824,0.14
35,35,0.14
1519,1519,0.14
1524,1524,0.14
808,808,0.14
1547,1547,0.14
1422,1422,0.14
1715,1715,0.14
629,629,0.14
1835,1835,0.14
624,624,0.14
341,341,0.14
382,382,0.14
257,257,0.14
473,473,0.14
534,534,0.13
1949,1949,0.13
893,893,0.13
406,406,0.13
616,616,0.13
542,542,0.13
779,779,0.13
1510,1510,0.13
468,468,0.13
1094,1094,0.13
1332,1332,0.13
1894,1894,0.13
1395,1395,0.13
701,701,0.13
2021,2021,0.13
1387,1387,0.13
1388,1388,0.13
308,308,0.13
1503,1503,0.13
1062,1062,0.13
752,752,0.13
240,240,0.13
1746,1746,0.13
1123,1123,0.13
1357,1357,0.13
839,839,0.13
1418,1418,0.13
1034,1034,0.13
884,884,0.13
1995,1995,0.13
264,264,0.13
40,40,0.13
1695,1695,0.13
834,834,0.13
1287,1287,0.13
108,108,0.12
1004,1004,0.12
1229,1229,0.12
1841,1841,0.12
727,727,0.12
480,480,0.12
168,168,0.12
991,991,0.12
1233,1233,0.12
474,474,0.12
1766,1766,0.12
1858,1858,0.12
1985,1985,0.12
90,90,0.12
1393,1393,0.12
690,690,0.12
14,14,0.12
940,940,0.12
78,78,0.12
1871,1871,0.12
799,799,0.12
595,595,0.12
556,556,0.12
366,366,0.12
1852,1852,0.12
379,379,0.12
236,236,0.12
838,838,0.11
30,30,0.11
665,665,0.11
29,29,0.11
1070,1070,0.11
1173,1173,0.11
687,687,0.11
1876,1876,0.11
951,951,0.11
1064,1064,0.11
795,795,0.11
392,392,0.11
486,486,0.11
71,71,0.11
1205,1205,0.11
1296,1296,0.11
731,731,0.11
387,387,0.11
1952,1952,0.11
1333,1333,0.11
1306,1306,0.11
568,568,0.11
194,194,0.11
1068,1068,0.1
1788,1788,0.1
866,866,0.1
819,819,0.1
826,826,0.1
136,136,0.1
846,846,0.1
1406,1406,0.1
853,853,0.1
1486,1486,0.1
2031,2031,0.1
544,544,0.1
1816,1816,0.1
445,445,0.1
428,428,0.1
1572,1572,0.1
1934,1934,0.1
3,3,0.1
692,692,0.1
1541,1541,0.1
125,125,0.1
533,533,0.1
1007,1007,0.1
1594,1594,0.1
378,378,0.1
575,575,0.1
173,173,0.1
1814,1814,0.09
793,793,0.09
973,973,0.09
1850,1850,0.09
1247,1247,0.09
1148,1148,0.09
1027,1027,0.09
1017,1017,0.09
934,934,0.09
977,977,0.09
1789,1789,0.09
2022,2022,0.09
995,995,0.09
713,713,0.09
592,592,0.09
1072,1072,0.09
377,377,0.09
106,106,0.09
1567,1567,0.09
942,942,0.09
501,501,0.09
869,869,0.09
538,538,0.09
760,760,0.09
174,174,0.09
309,309,0.09
1261,1261,0.09
1282,1282,0.08
842,842,0.08
1139,1139,0.08
437,437,0.08
1718,1718,0.08
190,190,0.08
1859,1859,0.08
635,635,0.08
976,976,0.08
2006,2006,0.08
1678,1678,0.08
1550,1550,0.08
226,226,0.08
1849,1849,0.08
1664,1664,0.08
1095,1095,0.08
2040,2040,0.08
1144,1144,0.08
638,638,0.08
488,488,0.08
1496,1496,0.08
1428,1428,0.07
390,390,0.07
2038,2038,0.07
1831,1831,0.07
1939,1939,0.07
960,960,0.07
946,946,0.07
619,619,0.07
699,699,0.07
262,262,0.07
1555,1555,0.07
1998,1998,0.07
981,981,0.07
532,532,0.07
1538,1538,0.07
1517,1517,0.07
721,721,0.07
225,225,0.07
1872,1872,0.07
966,966,0.07
664,664,0.07
2,2,0.07
1432,1432,0.07
1380,1380,0.06
1050,1050,0.06
1383,1383,0.06
758,758,0.06
743,743,0.06
1928,1928,0.06
1327,1327,0.06
293,293,0.06
1896,1896,0.06
429,429,0.06
233,233,0.06
1781,1781,0.06
677,677,0.06
113,113,0.06
500,500,0.06
219,219,0.06
1195,1195,0.06
1020,1020,0.06
1488,1488,0.06
375,375,0.06
969,969,0.06
1972,1972,0.06
961,961,0.06
385,385,0.06
1401,1401,0.06
1411,1411,0.06
185,185,0.05
814,814,0.05
2013,2013,0.05
600,600,0.05
124,124,0.05
1466,1466,0.05
115,115,0.05
1612,1612,0.05
1044,1044,0.05
430,430,0.05
1293,1293,0.05
1687,1687,0.05
413,413,0.05
1690,1690,0.05
208,208,0.05
266,266,0.05
656,656,0.05
1099,1099,0.05
653,653,0.05
674,674,0.05
812,812,0.05
1609,1609,0.05
483,483,0.05
1559,1559,0.05
792,792,0.05
549,549,0.05
1375,1375,0.05
1833,1833,0.05
213,213,0.05
765,765,0.05
1469,1469,0.05
1554,1554,0.05
886,886,0.05
1860,1860,0.05
1813,1813,0.05
1053,1053,0.05
1797,1797,0.05
856,856,0.05
589,589,0.04
212,212,0.04
2010,2010,0.04
536,536,0.04
1855,1855,0.04
927,927,0.04
1960,1960,0.04
1845,1845,0.04
17,17,0.04
1404,1404,0.04
1688,1688,0.04
133,133,0.04
1308,1308,0.04
1402,1402,0.04
13,13,0.04
330,330,0.04
405,405,0.04
91,91,0.04
971,971,0.04
457,457,0.03
1217,1217,0.03
1198,1198,0.03
1212,1212,0.03
1882,1882,0.03
1206,1206,0.03
947,947,0.03
1832,1832,0.03
787,787,0.03
313,313,0.03
357,357,0.03
1049,1049,0.03
784,784,0.03
345,345,0.03
1975,1975,0.03
1532,1532,0.03
1537,1537,0.03
2007,2007,0.03
745,745,0.03
1839,1839,0.03
1738,1738,0.03
516,516,0.03
1372,1372,0.03
1885,1885,0.03
581,581,0.03
1707,1707,0.03
916,916,0.03
1677,1677,0.03
1320,1320,0.03
777,777,0.02
2030,2030,0.02
1856,1856,0.02
490,490,0.02
1002,1002,0.02
332,332,0.02
1595,1595,0.02
171,171,0.02
1951,1951,0.02
1096,1096,0.02
249,249,0.02
1947,1947,0.02
1039,1039,0.02
376,376,0.02
865,865,0.02
928,928,0.02
1452,1452,0.02
1940,1940,0.02
1791,1791,0.02
1129,1129,0.02
1408,1408,0.02
502,502,0.02
1230,1230,0.02
1377,1377,0.02
456,456,0.02
241,241,0.02
876,876,0.01
733,733,0.01
614,614,0.01
724,724,0.01
720,720,0.01
1953,1953,0.01
1081,1081,0.01
694,694,0.01
186,186,0.01
1075,1075,0.01
1140,1140,0.01
1782,1782,0.01
1565,1565,0.01
328,328,0.01
1505,1505,0.01
363,363,0.01
371,371,0.01
1111,1111,0.01
1834,1834,0.01
444,444,0.01
1216,1216,0.01
1732,1732,0.01
1536,1536,0.01
49,49,0.01
104,104,0.01
1551,1551,0.01
1861,1861,0.01
1118,1118,0.0
1057,1057,0.0
523,523,-0.0
498,498,-0.0
524,524,-0.0
528,528,0.0
258,258,0.0
1944,1944,0.0
890,890,0.0
1608,1608,0.0
766,766,0.0
351,351,0.0
621,621,-0.0
361,361,-0.0
639,639,-0.0
1461,1461,-0.0
290,290,0.0
1447,1447,-0.0
45,45,-0.0
199,199,-0.0
46,46,0.0
604,604,0.0
1342,1342,0.0
432,432,-0.0
1709,1709,-0.0
953,953,-0.0
1242,1242,0.0
1249,1249,0.0
1589,1589,0.0
924,924,0.0
424,424,0.0
1699,1699,-0.0
192,192,0.0
16,16,0.0
329,329,-0.01
1620,1620,-0.01
1704,1704,-0.01
1604,1604,-0.01
1700,1700,-0.01
510,510,-0.01
1730,1730,-0.01
1553,1553,-0.01
1087,1087,-0.01
367,367,-0.01
1186,1186,-0.01
1450,1450,-0.01
238,238,-0.01
417,417,-0.01
1316,1316,-0.01
88,88,-0.01
1252,1252,-0.01
1228,1228,-0.01
1069,1069,-0.01
1188,1188,-0.01
840,840,-0.01
735,735,-0.01
829,829,-0.01
841,841,-0.01
880,880,-0.01
1716,1716,-0.01
1795,1795,-0.01
974,974,-0.01
950,950,-0.01
1014,1014,-0.01
895,895,-0.01
546,546,-0.01
591,591,-0.02
683,683,-0.02
310,310,-0.02
65,65,-0.02
718,718,-0.02
1778,1778,-0.02
1180,1180,-0.02
646,646,-0.02
427,427,-0.02
1421,1421,-0.02
201,201,-0.02
675,675,-0.02
709,709,-0.02
1271,1271,-0.02
818,818,-0.02
1615,1615,-0.02
1902,1902,-0.02
1523,1523,-0.02
280,280,-0.02
785,785,-0.02
149,149,-0.03
722,722,-0.03
1726,1726,-0.03
640,640,-0.03
287,287,-0.03
1877,1877,-0.03
1822,1822,-0.03
696,696,-0.03
1331,1331,-0.03
1657,1657,-0.03
1866,1866,-0.03
700,700,-0.03
1067,1067,-0.03
726,726,-0.03
460,460,-0.03
1755,1755,-0.03
1078,1078,-0.03
1762,1762,-0.03
244,244,-0.03
338,338,-0.03
94,94,-0.03
120,120,-0.03
393,393,-0.03
55,55,-0.03
1429,1429,-0.03
1191,1191,-0.03
1682,1682,-0.03
397,397,-0.03
1110,1110,-0.03
195,195,-0.04
1470,1470,-0.04
930,930,-0.04
773,773,-0.04
140,140,-0.04
968,968,-0.04
1006,1006,-0.04
1957,1957,-0.04
1889,1889,-0.04
1540,1540,-0.04
1598,1598,-0.04
828,828,-0.04
466,466,-0.04
210,210,-0.04
681,681,-0.04
223,223,-0.04
1351,1351,-0.04
1742,1742,-0.04
122,122,-0.04
513,513,-0.04
512,512,-0.04
128,128,-0.05
982,982,-0.05
883,883,-0.05
1786,1786,-0.05
1104,1104,-0.05
1359,1359,-0.05
1573,1573,-0.05
1571,1571,-0.05
1311,1311,-0.05
636,636,-0.05
1119,1119,-0.05
200,200,-0.05
912,912,-0.05
580,580,-0.05
1457,1457,-0.05
440,440,-0.05
1376,1376,-0.05
433,433,-0.05
903,903,-0.05
1175,1175,-0.05
282,282,-0.05
1658,1658,-0.05
1130,1130,-0.05
1769,1769,-0.05
1156,1156,-0.05
1137,1137,-0.05
2023,2023,-0.06
320,320,-0.06
1937,1937,-0.06
757,757,-0.06
300,300,-0.06
72,72,-0.06
1919,1919,-0.06
1935,1935,-0.06
1794,1794,-0.06
302,302,-0.06
1521,1521,-0.06
1379,1379,-0.06
874,874,-0.06
347,347,-0.06
1498,1498,-0.06
849,849,-0.06
166,166,-0.06
1219,1219,-0.06
929,929,-0.06
805,805,-0.06
1438,1438,-0.06
1066,1066,-0.07
98,98,-0.07
651,651,-0.07
1036,1036,-0.07
755,755,-0.07
1449,1449,-0.07
1367,1367,-0.07
1965,1965,-0.07
899,899,-0.07
1055,1055,-0.07
671,671,-0.07
188,188,-0.07
662,662,-0.07
1021,1021,-0.07
1384,1384,-0.07
1472,1472,-0.07
1276,1276,-0.07
1298,1298,-0.07
1938,1938,-0.07
224,224,-0.07
278,278,-0.07
1324,1324,-0.07
888,888,-0.07
325,325,-0.07
905,905,-0.07
543,543,-0.07
1749,1749,-0.07
1689,1689,-0.08
1590,1590,-0.08
1410,1410,-0.08
335,335,-0.08
1904,1904,-0.08
1084,1084,-0.08
762,762,-0.08
1373,1373,-0.08
1460,1460,-0.08
877,877,-0.08
1424,1424,-0.08
1723,1723,-0.08
1783,1783,-0.08
1887,1887,-0.08
1133,1133,-0.08
1336,1336,-0.08
288,288,-0.08
1767,1767,-0.08
26,26,-0.08
1407,1407,-0.08
837,837,-0.08
1945,1945,-0.08
1921,1921,-0.08
217,217,-0.08
1051,1051,-0.08
1040,1040,-0.09
1117,1117,-0.09
1485,1485,-0.09
994,994,-0.09
1120,1120,-0.09
1826,1826,-0.09
434,434,-0.09
1522,1522,-0.09
770,770,-0.09
407,407,-0.09
52,52,-0.09
1581,1581,-0.09
1582,1582,-0.09
234,234,-0.09
1008,1008,-0.09
374,374,-0.09
730,730,-0.09
2003,2003,-0.09
1026,1026,-0.09
767,767,-0.09
1112,1112,-0.09
118,118,-0.09
1187,1187,-0.09
565,565,-0.1
577,577,-0.1
63,63,-0.1
1317,1317,-0.1
615,615,-0.1
1801,1801,-0.1
243,243,-0.1
1323,1323,-0.1
1752,1752,-0.1
391,391,-0.1
96,96,-0.1
1836,1836,-0.1
180,180,-0.1
719,719,-0.1
1213,1213,-0.1
1168,1168,-0.1
634,634,-0.1
137,137,-0.1
958,958,-0.1
716,716,-0.1
1913,1913,-0.1
1163,1163,-0.1
631,631,-0.1
801,801,-0.1
1587,1587,-0.1
678,678,-0.1
2014,2014,-0.1
1090,1090,-0.1
1628,1628,-0.1
1335,1335,-0.11
277,277,-0.11
134,134,-0.11
1091,1091,-0.11
1679,1679,-0.11
1115,1115,-0.11
1420,1420,-0.11
59,59,-0.11
1811,1811,-0.11
1636,1636,-0.11
1618,1618,-0.11
1923,1923,-0.11
1869,1869,-0.11
847,847,-0.11
1184,1184,-0.11
297,297,-0.11
742,742,-0.11
1394,1394,-0.11
1890,1890,-0.11
1207,1207,-0.11
356,356,-0.11
1531,1531,-0.11
1520,1520,-0.11
1804,1804,-0.11
138,138,-0.11
781,781,-0.11
1243,1243,-0.11
67,67,-0.12
1038,1038,-0.12
1713,1713,-0.12
1672,1672,-0.12
435,435,-0.12
1354,1354,-0.12
645,645,-0.12
1526,1526,-0.12
1274,1274,-0.12
218,218,-0.12
1891,1891,-0.12
1092,1092,-0.12
268,268,-0.12
682,682,-0.12
813,813,-0.12
1638,1638,-0.12
1898,1898,-0.12
1389,1389,-0.12
4,4,-0.12
1808,1808,-0.12
1433,1433,-0.12
1971,1971,-0.12
1977,1977,-0.12
170,170,-0.12
571,571,-0.12
1076,1076,-0.12
1968,1968,-0.12
1241,1241,-0.12
388,388,-0.12
897,897,-0.12
515,515,-0.12
319,319,-0.12
667,667,-0.13
1717,1717,-0.13
803,803,-0.13
5,5,-0.13
1681,1681,-0.13
193,193,-0.13
1403,1403,-0.13
1666,1666,-0.13
1648,1648,-0.13
1643,1643,-0.13
303,303,-0.13
744,744,-0.13
1837,1837,-0.13
334,334,-0.13
761,761,-0.13
810,810,-0.13
365,365,-0.13
1619,1619,-0.13
587,587,-0.13
1105,1105,-0.13
259,259,-0.13
401,401,-0.13
1933,1933,-0.13
1309,1309,-0.13
478,478,-0.13
493,493,-0.13
399,399,-0.13
1863,1863,-0.13
144,144,-0.13
206,206,-0.13
1777,1777,-0.13
933,933,-0.13
2035,2035,-0.13
1492,1492,-0.14
354,354,-0.14
1792,1792,-0.14
1506,1506,-0.14
1842,1842,-0.14
447,447,-0.14
778,778,-0.14
1725,1725,-0.14
820,820,-0.14
1758,1758,-0.14
1915,1915,-0.14
1254,1254,-0.14
772,772,-0.14
908,908,-0.14
872,872,-0.14
594,594,-0.14
576,576,-0.14
714,714,-0.14
817,817,-0.14
915,915,-0.14
517,517,-0.14
2041,2041,-0.14
816,816,-0.14
518,518,-0.14
522,522,-0.14
1927,1927,-0.14
508,508,-0.14
1893,1893,-0.14
37,37,-0.14
1286,1286,-0.14
1013,1013,-0.14
708,708,-0.14
1900,1900,-0.14
710,710,-0.14
1525,1525,-0.14
613,613,-0.15
1843,1843,-0.15
2028,2028,-0.15
1193,1193,-0.15
183,183,-0.15
1958,1958,-0.15
1169,1169,-0.15
1167,1167,-0.15
1164,1164,-0.15
1979,1979,-0.15
1654,1654,-0.15
644,644,-0.15
1720,1720,-0.15
685,685,-0.15
1701,1701,-0.15
1851,1851,-0.15
1711,1711,-0.15
1300,1300,-0.15
657,657,-0.15
1829,1829,-0.15
1423,1423,-0.15
1386,1386,-0.15
1740,1740,-0.16
1028,1028,-0.16
738,738,-0.16
248,248,-0.16
163,163,-0.16
1509,1509,-0.16
1197,1197,-0.16
952,952,-0.16
642,642,-0.16
1288,1288,-0.16
261,261,-0.16
1703,1703,-0.16
159,159,-0.16
1273,1273,-0.16
1961,1961,-0.16
370,370,-0.16
1775,1775,-0.16
265,265,-0.16
1630,1630,-0.16
918,918,-0.16
1340,1340,-0.16
1621,1621,-0.16
1103,1103,-0.16
539,539,-0.16
1443,1443,-0.16
1705,1705,-0.16
695,695,-0.17
145,145,-0.17
1552,1552,-0.17
623,623,-0.17
1763,1763,-0.17
93,93,-0.17
1558,1558,-0.17
1497,1497,-0.17
364,364,-0.17
902,902,-0.17
1930,1930,-0.17
1151,1151,-0.17
1073,1073,-0.17
1722,1722,-0.17
822,822,-0.17
123,123,-0.17
311,311,-0.17
776,776,-0.17
980,980,-0.17
1396,1396,-0.17
80,80,-0.17
1908,1908,-0.17
1563,1563,-0.18
477,477,-0.18
1426,1426,-0.18
1330,1330,-0.18
503,503,-0.18
1986,1986,-0.18
1824,1824,-0.18
1121,1121,-0.18
1962,1962,-0.18
228,228,-0.18
272,272,-0.18
807,807,-0.18
873,873,-0.18
1045,1045,-0.18
1272,1272,-0.18
878,878,-0.18
1453,1453,-0.18
215,215,-0.18
77,77,-0.18
622,622,-0.18
372,372,-0.19
1041,1041,-0.19
471,471,-0.19
1830,1830,-0.19
797,797,-0.19
2019,2019,-0.19
1047,1047,-0.19
1077,1077,-0.19
1400,1400,-0.19
1348,1348,-0.19
182,182,-0.19
1881,1881,-0.19
729,729,-0.19
967,967,-0.19
922,922,-0.19
970,970,-0.19
1201,1201,-0.19
1476,1476,-0.19
1147,1147,-0.19
825,825,-0.19
68,68,-0.19
697,697,-0.19
551,551,-0.19
939,939,-0.19
584,584,-0.19
1414,1414,-0.19
438,438,-0.19
1528,1528,-0.19
1005,1005,-0.19
1751,1751,-0.19
1815,1815,-0.19
337,337,-0.19
1614,1614,-0.19
41,41,-0.19
340,340,-0.2
1018,1018,-0.2
525,525,-0.2
1482,1482,-0.2
1214,1214,-0.2
1430,1430,-0.2
1122,1122,-0.2
706,706,-0.2
1204,1204,-0.2
2001,2001,-0.2
1434,1434,-0.2
904,904,-0.2
788,788,-0.2
907,907,-0.2
1440,1440,-0.2
139,139,-0.2
1145,1145,-0.21
1297,1297,-0.21
1294,1294,-0.21
1029,1029,-0.21
1200,1200,-0.21
21,21,-0.21
109,109,-0.21
996,996,-0.21
1174,1174,-0.21
1353,1353,-0.21
1001,1001,-0.21
1579,1579,-0.21
1539,1539,-0.21
1759,1759,-0.21
32,32,-0.21
214,214,-0.21
1513,1513,-0.21
1515,1515,-0.21
20,20,-0.21
1561,1561,-0.21
1969,1969,-0.21
632,632,-0.21
547,547,-0.21
33,33,-0.21
1507,1507,-0.22
481,481,-0.22
2012,2012,-0.22
783,783,-0.22
1651,1651,-0.22
1463,1463,-0.22
2016,2016,-0.22
555,555,-0.22
1514,1514,-0.22
1102,1102,-0.22
1011,1011,-0.22
1534,1534,-0.22
570,570,-0.22
394,394,-0.22
857,857,-0.22
593,593,-0.22
1030,1030,-0.22
1642,1642,-0.22
253,253,-0.22
954,954,-0.22
798,798,-0.22
1741,1741,-0.22
1215,1215,-0.22
1475,1475,-0.22
12,12,-0.22
965,965,-0.22
1071,1071,-0.23
1974,1974,-0.23
1399,1399,-0.23
1480,1480,-0.23
446,446,-0.23
1113,1113,-0.23
759,759,-0.23
1674,1674,-0.23
670,670,-0.23
1280,1280,-0.23
462,462,-0.23
643,643,-0.23
368,368,-0.23
1171,1171,-0.23
1136,1136,-0.24
114,114,-0.24
1675,1675,-0.24
1653,1653,-0.24
871,871,-0.24
6,6,-0.24
669,669,-0.24
449,449,-0.24
618,618,-0.24
1864,1864,-0.24
355,355,-0.24
179,179,-0.24
1757,1757,-0.24
360,360,-0.24
1562,1562,-0.24
563,563,-0.24
51,51,-0.24
919,919,-0.24
410,410,-0.24
1613,1613,-0.24
1446,1446,-0.24
75,75,-0.24
1165,1165,-0.24
611,611,-0.24
487,487,-0.24
1549,1549,-0.25
237,237,-0.25
1639,1639,-0.25
505,505,-0.25
554,554,-0.25
1100,1100,-0.25
585,585,-0.25
1560,1560,-0.25
1042,1042,-0.25
326,326,-0.25
1838,1838,-0.25
482,482,-0.25
1646,1646,-0.25
15,15,-0.25
1326,1326,-0.25
566,566,-0.25
1202,1202,-0.25
680,680,-0.26
312,312,-0.26
452,452,-0.26
274,274,-0.26
284,284,-0.26
717,717,-0.26
921,921,-0.26
84,84,-0.26
972,972,-0.26
1368,1368,-0.26
1744,1744,-0.26
73,73,-0.26
579,579,-0.26
509,509,-0.26
1818,1818,-0.26
684,684,-0.26
1819,1819,-0.26
1364,1364,-0.26
1673,1673,-0.26
1516,1516,-0.26
833,833,-0.26
196,196,-0.26
1770,1770,-0.26
56,56,-0.27
1225,1225,-0.27
1441,1441,-0.27
1465,1465,-0.27
1194,1194,-0.27
990,990,-0.27
1880,1880,-0.27
2026,2026,-0.27
1043,1043,-0.27
189,189,-0.27
1494,1494,-0.27
1596,1596,-0.27
1773,1773,-0.27
601,601,-0.27
1500,1500,-0.27
436,436,-0.27
1238,1238,-0.27
1739,1739,-0.28
1875,1875,-0.28
1292,1292,-0.28
1290,1290,-0.28
1366,1366,-0.28
832,832,-0.28
331,331,-0.28
316,316,-0.28
1491,1491,-0.28
1502,1502,-0.28
1260,1260,-0.28
1512,1512,-0.28
294,294,-0.28
962,962,-0.28
307,307,-0.28
660,660,-0.28
1031,1031,-0.28
292,292,-0.28
606,606,-0.28
552,552,-0.28
941,941,-0.28
491,491,-0.28
2004,2004,-0.28
1265,1265,-0.28
135,135,-0.29
1356,1356,-0.29
1046,1046,-0.29
270,270,-0.29
1479,1479,-0.29
464,464,-0.29
790,790,-0.29
116,116,-0.29
112,112,-0.29
110,110,-0.29
1906,1906,-0.29
420,420,-0.29
232,232,-0.29
1840,1840,-0.29
161,161,-0.3
150,150,-0.3
1267,1267,-0.3
314,314,-0.3
1259,1259,-0.3
291,291,-0.3
467,467,-0.3
1277,1277,-0.3
1397,1397,-0.3
1685,1685,-0.3
1994,1994,-0.3
1605,1605,-0.3
1827,1827,-0.3
403,403,-0.3
868,868,-0.3
1328,1328,-0.3
1315,1315,-0.3
1313,1313,-0.3
1363,1363,-0.3
955,955,-0.31
999,999,-0.31
844,844,-0.31
882,882,-0.31
1798,1798,-0.31
0,0,-0.31
169,169,-0.31
1360,1360,-0.31
1166,1166,-0.31
275,275,-0.32
1481,1481,-0.32
1444,1444,-0.32
204,204,-0.32
881,881,-0.32
1378,1378,-0.32
654,654,-0.32
937,937,-0.32
1283,1283,-0.32
1275,1275,-0.32
333,333,-0.32
42,42,-0.32
1790,1790,-0.32
1652,1652,-0.32
299,299,-0.32
985,985,-0.32
7,7,-0.32
1125,1125,-0.32
181,181,-0.32
1089,1089,-0.32
599,599,-0.33
74,74,-0.33
1535,1535,-0.33
362,362,-0.33
431,431,-0.33
1398,1398,-0.33
1474,1474,-0.33
301,301,-0.33
1255,1255,-0.33
748,748,-0.34
1603,1603,-0.34
1019,1019,-0.34
1627,1627,-0.34
1611,1611,-0.34
1211,1211,-0.34
625,625,-0.34
1973,1973,-0.34
1262,1262,-0.34
892,892,-0.34
82,82,-0.34
1448,1448,-0.34
177,177,-0.34
130,130,-0.35
1796,1796,-0.35
1996,1996,-0.35
959,959,-0.35
1892,1892,-0.35
1080,1080,-0.35
1724,1724,-0.35
1106,1106,-0.35
1597,1597,-0.35
1,1,-0.35
1508,1508,-0.35
978,978,-0.35
1239,1239,-0.35
823,823,-0.35
296,296,-0.36
175,175,-0.36
963,963,-0.36
153,153,-0.36
949,949,-0.36
1161,1161,-0.36
254,254,-0.36
127,127,-0.36
350,350,-0.36
630,630,-0.36
1593,1593,-0.37
44,44,-0.37
246,246,-0.37
442,442,-0.37
1058,1058,-0.37
260,260,-0.37
414,414,-0.37
1780,1780,-0.37
1810,1810,-0.37
321,321,-0.37
1048,1048,-0.38
1981,1981,-0.38
380,380,-0.38
705,705,-0.38
1483,1483,-0.38
339,339,-0.38
1865,1865,-0.38
1365,1365,-0.38
1289,1289,-0.38
737,737,-0.38
1232,1232,-0.38
975,975,-0.38
1128,1128,-0.38
1696,1696,-0.39
1911,1911,-0.39
1037,1037,-0.39
1065,1065,-0.39
620,620,-0.39
1706,1706,-0.39
1024,1024,-0.4
2047,2047,-0.4
172,172,-0.4
1226,1226,-0.4
1210,1210,-0.4
1412,1412,-0.4
715,715,-0.4
1256,1256,-0.4
454,454,-0.4
408,408,-0.4
1250,1250,-0.4
8,8,-0.4
105,105,-0.4
1897,1897,-0.41
1828,1828,-0.41
747,747,-0.41
81,81,-0.41
898,898,-0.41
19,19,-0.41
492,492,-0.41
252,252,-0.41
1959,1959,-0.41
235,235,-0.41
231,231,-0.41
1802,1802,-0.41
588,588,-0.42
926,926,-0.42
1425,1425,-0.42
923,923,-0.42
796,796,-0.42
1487,1487,-0.42
2032,2032,-0.42
1592,1592,-0.42
184,184,-0.42
489,489,-0.42
453,453,-0.42
649,649,-0.43
1557,1557,-0.43
673,673,-0.43
1656,1656,-0.43
470,470,-0.43
1392,1392,-0.43
1764,1764,-0.43
1966,1966,-0.43
157,157,-0.43
1149,1149,-0.44
1570,1570,-0.44
1176,1176,-0.44
146,146,-0.44
998,998,-0.44
439,439,-0.44
2020,2020,-0.44
323,323,-0.44
1606,1606,-0.44
256,256,-0.45
62,62,-0.45
608,608,-0.45
1846,1846,-0.45
222,222,-0.46
85,85,-0.46
1459,1459,-0.46
514,514,-0.46
276,276,-0.46
1370,1370,-0.46
1543,1543,-0.46
1761,1761,-0.46
1126,1126,-0.46
1083,1083,-0.46
60,60,-0.46
564,564,-0.46
572,572,-0.46
1760,1760,-0.47
1641,1641,-0.47
782,782,-0.47
1924,1924,-0.47
749,749,-0.47
1548,1548,-0.47
245,245,-0.47
279,279,-0.47
1910,1910,-0.48
1575,1575,-0.48
914,914,-0.48
948,948,-0.48
496,496,-0.48
1097,1097,-0.48
1655,1655,-0.49
1729,1729,-0.49
298,298,-0.49
1633,1633,-0.49
1645,1645,-0.49
9,9,-0.5
1135,1135,-0.5
1556,1556,-0.5
1143,1143,-0.5
1665,1665,-0.51
344,344,-0.51
451,451,-0.51
979,979,-0.51
1883,1883,-0.52
1346,1346,-0.52
1343,1343,-0.52
610,610,-0.52
164,164,-0.52
1733,1733,-0.52
1456,1456,-0.52
845,845,-0.53
2029,2029,-0.53
448,448,-0.53
1257,1257,-0.53
1948,1948,-0.54
61,61,-0.54
1728,1728,-0.54
550,550,-0.54
1240,1240,-0.54
540,540,-0.54
1599,1599,-0.55
1684,1684,-0.55
1564,1564,-0.55
1322,1322,-0.55
251,251,-0.56
862,862,-0.56
1314,1314,-0.56
458,458,-0.56
1714,1714,-0.57
932,932,-0.57
1922,1922,-0.57
1312,1312,-0.57
1082,1082,-0.57
900,900,-0.57
1809,1809,-0.58
1925,1925,-0.58
1569,1569,-0.59
1085,1085,-0.6
519,519,-0.61
151,151,-0.61
1484,1484,-0.61
1060,1060,-0.61
1768,1768,-0.62
1956,1956,-0.62
1035,1035,-0.62
1942,1942,-0.62
479,479,-0.62
239,239,-0.63
426,426,-0.63
1943,1943,-0.64
126,126,-0.64
2043,2043,-0.64
988,988,-0.64
381,381,-0.65
342,342,-0.66
1660,1660,-0.66
691,691,-0.67
1223,1223,-0.67
1771,1771,-0.67
2018,2018,-0.68
227,227,-0.69
343,343,-0.69
1431,1431,-0.71
463,463,-0.72
780,780,-0.72
843,843,-0.73
1585,1585,-0.73
1616,1616,-0.73
1635,1635,-0.75
1154,1154,-0.76
1236,1236,-0.76
147,147,-0.79
794,794,-0.79
753,753,-0.82
548,548,-0.84
1737,1737,-0.92
207,207,-0.97
